,H,A,ASL,ACL,ASP1,ACP1,ASP2,ACP2,TSL,TCL,TSP1,TCP1,TSP2,TCP2,start,close,sta-suo,sta-ttg,clo-suo,clo-ttg
0,URAWA RED DIAMONDS,KASHIWA REYSOL,-0.5 / 0.5,-0.5 / 0.5,1.85,2.09,2.07,1.83,2.75,2.5,2.08,1.77,1.82,2.14,[ 0.69383254  2.86164303],[ 0.43332448  2.89479115],0.6938325438859247,2.861643034998052,0.43332448000379764,2.8947911545134577
1,JUBILO IWATA,SHONAN BELLMARE,-0.25 / 0.25,-0.25 / 0.25,1.87,1.89,2.05,2.03,2.75,2.5,2.08,1.92,1.82,1.98,[ 0.38241047  2.86197781],[ 0.36294388  2.728999  ],0.3824104727672561,2.8619778076205327,0.36294388405049527,2.7289989956463714
2,CEREZO OSAKA,NAGOYA GRAMPUS,-0.5 / 0.5,-0.5 / 0.5,2.04,2.04,1.88,1.88,3,2.75,1.99,1.73,1.91,2.2,[ 0.48005323  3.13542951],[ 0.47774537  3.21398096],0.48005323309245124,3.1354295105917704,0.4777453664288837,3.2139809622057367
3,YOKOHAMA F MARINOS,HOKKAIDO CONSADOLE SAPPORO,-0.25 / 0.25,-0.25 / 0.25,1.84,1.59,2.08,2.49,2.75,3,1.97,1.6,1.93,2.42,[ 0.41271898  2.96516992],[ 0.76810347  3.55870415],0.41271898217815495,2.9651699200096506,0.768103474954761,3.5587041549251635
4,CEREZO OSAKA,GAMBA OSAKA,-0.75 / 0.75,-0.75 / 0.75,2.2,2.23,1.75,1.73,2.75,2.5,2.08,1.84,1.82,2.06,[ 0.60462005  2.86175996],[ 0.58337157  2.81344659],0.6046200521367071,2.861759955700914,0.5833715659811843,2.813446588009005
5,SANFRECCE HIROSHIMA,KASHIWA REYSOL,-0.5 / 0.5,-0.5 / 0.5,1.89,1.99,2.03,1.93,2.5,2.5,1.8,1.78,2.11,2.13,[ 0.65070541  2.86151434],[ 0.54232217  2.88360461],0.6507054117754066,2.861514340712801,0.5423221691165729,2.8836046078012045
6,VISSEL KOBE,V-VAREN NAGASAKI,-0.75 / 0.75,-0.5 / 0.5,2.07,1.98,1.85,1.94,2.75,2.5,1.98,2.01,1.92,1.89,[ 0.71408554  2.9553466 ],[ 0.5595131   2.63517786],0.7140855418832502,2.955346598212314,0.5595130971119839,2.635177863925405
7,SAGAN TOSU,SHONAN BELLMARE,-0.25 / 0.25,-0.25 / 0.25,1.89,1.89,2.03,2.03,2.25,2.5,2.13,2.36,1.78,1.63,[ 0.36507244  2.21693363],[ 0.36419629  2.34030694],0.3650724405701429,2.2169336290027855,0.3641962872682979,2.340306941135469
